Geo,Year,HHIncomePC.2018,GQIncomePC.2018
PSRC,2018,42405,42405
PSRC,2050,43577.415568166834,43577.415568166834
