Geo,Year,AveHhSize,Prop1PerHh
PSRC,2018,2.5249158549097563,0.28167471623029994
PSRC,2050,2.4035627942801456,0.31267756905767197
